[
  {
    "category": "전체 목록",
    "pages": [
      // {
      //   "pageName": "공통팝업",
      //   "pageId": "PAGE-BASE",
      //   "L1": "공통팝업",
      //   "L2": "공통팝업",
      //   "L3": "",
      //   "L4": "",
      //   "L5": "",
      //   "L6": "",
      //   "L7": "",
      //   "L8": "",
      //   "date": "-",
      //   "displayType": ["P"],
      //   "status": 0,
      //   "statusP": 0,
      //   "memo": ""
      // },
      {
        "pageName": "전체서비스",
        "pageId": "SMP_MAIN_01",
        "L1": "SMP홈",
        "L2": "전체서비스",
        "L3": "",
        "L4": "",
        "L5": "",
        "L6": "",
        "L7": "",
        "L8": "",
        "date": "-",
        "displayType": ["P"],
        "status": 1,
        "statusP": 0,
        "memo": "차트 확인"
      },
      {
        "pageName": "요금청구서",
        "pageId": "SMP_BILL_01",
        "L1": "요금청구서",
        "L2": "",
        "L3": "",
        "L4": "",
        "L5": "",
        "L6": "",
        "L7": "",
        "L8": "",
        "date": "-",
        "displayType": ["P"],
        "status": 2,
        "statusP": 0,
        "memo": ""
      },
      {
        "pageName": "청구서다운로드_p",
        "pageId": "SMP_BILL_01_P01",
        "L1": "요금청구서",
        "L2": "청구서다운로드_p",
        "L3": "",
        "L4": "",
        "L5": "",
        "L6": "",
        "L7": "",
        "L8": "",
        "date": "-",
        "displayType": ["P"],
        "status": 2,
        "statusP": 0,
        "memo": ""
      },
      {
        "pageName": "계약조회",
        "pageId": "SMP_INQ_01",
        "L1": "계약조회",
        "L2": "",
        "L3": "",
        "L4": "",
        "L5": "",
        "L6": "",
        "L7": "",
        "L8": "",
        "date": "-",
        "displayType": ["P"],
        "status": 2,
        "statusP": 0,
        "memo": ""
      },
      {
        "pageName": "계약조회상세",
        "pageId": "SMP_INQ_02",
        "L1": "계약조회",
        "L2": "계약조회상세",
        "L3": "",
        "L4": "",
        "L5": "",
        "L6": "",
        "L7": "",
        "L8": "",
        "date": "-",
        "displayType": ["P"],
        "status": 2,
        "statusP": 0,
        "memo": ""
      },
      {
        "pageName": "구간전체보기_p",
        "pageId": "SMP_INQ_02_P01",
        "L1": "계약조회상세",
        "L2": "구간전체보기_p",
        "L3": "",
        "L4": "",
        "L5": "",
        "L6": "",
        "L7": "",
        "L8": "",
        "date": "-",
        "displayType": ["P"],
        "status": 2,
        "statusP": 0,
        "memo": ""
      },
      {
        "pageName": "계약담당자관리",
        "pageId": "SMP_MGMT_01",
        "L1": "계약담당자관리",
        "L2": "",
        "L3": "",
        "L4": "",
        "L5": "",
        "L6": "",
        "L7": "",
        "L8": "",
        "date": "-",
        "displayType": ["P"],
        "status": 2,
        "statusP": 0,
        "memo": ""
      },
      {
        "pageName": "담당자등록_p",
        "pageId": "SMP_MGMT_01_P01",
        "L1": "계약담당자관리",
        "L2": "담당자등록_p",
        "L3": "",
        "L4": "",
        "L5": "",
        "L6": "",
        "L7": "",
        "L8": "",
        "date": "-",
        "displayType": ["P"],
        "status": 2,
        "statusP": 0,
        "memo": ""
      },
      {
        "pageName": "대표담당자변경_p",
        "pageId": "SMP_MGMT_01_P02",
        "L1": "계약담당자관리",
        "L2": "대표담당자변경_p",
        "L3": "",
        "L4": "",
        "L5": "",
        "L6": "",
        "L7": "",
        "L8": "",
        "date": "-",
        "displayType": ["P"],
        "status": 2,
        "statusP": 0,
        "memo": ""
      },
      {
        "pageName": "계약상세_p",
        "pageId": "SMP_MGMT_01_P03",
        "L1": "계약담당자관리",
        "L2": "계약상세_p",
        "L3": "",
        "L4": "",
        "L5": "",
        "L6": "",
        "L7": "",
        "L8": "",
        "date": "-",
        "displayType": ["P"],
        "status": 2,
        "statusP": 0,
        "memo": ""
      },
      {
        "pageName": "SM초대링크전송_p",
        "pageId": "SMP_MGMT_01_P04",
        "L1": "계약담당자관리",
        "L2": "SM초대링크전송_p",
        "L3": "",
        "L4": "",
        "L5": "",
        "L6": "",
        "L7": "",
        "L8": "",
        "date": "-",
        "displayType": ["P"],
        "status": 2,
        "statusP": 0,
        "memo": ""
      }
    ]
  }
]